Workbook

Sheet prices
A1: Date | B1: Reliance | C1: TCS | D1: HDFC Bank | E1: Infosys | F1: ITC | G1: Maruti Suzuki | H1: Sun Pharma | I1: L&T | J1: Nifty 50
A2: 43467 | B2: 489.73 | C2: 1569.21 | D2: 491.66 | E2: 544.98 | F2: 195.04 | G2: 6741.01 | H2: 407.73 | I2: 1268.41 | J2: 10792.5
A3: 43468 | B3: 483.69 | C3: 1550.16 | D3: 487.8 | E3: 545.07 | F3: 193.83 | G3: 6681.74 | H3: 404.07 | I3: 1241.27 | J3: 10672.25
A4: 43469 | B4: 486.3 | C4: 1531.32 | D4: 489.11 | E4: 538.47 | F4: 195.29 | G4: 6710.08 | H4: 401.93 | I4: 1235.09 | J4: 10727.35
A5: 43472 | B5: 489 | C5: 1548.49 | D5: 489.85 | E5: 547.14 | F5: 195.77 | G5: 6828.38 | H5: 399.16 | I5: 1231.31 | J5: 10771.8
A6: 43473 | B6: 488.96 | C6: 1544.94 | D6: 485.77 | E6: 545.8 | F6: 197.58 | G6: 6900.22 | H6: 415.14 | I6: 1229.89 | J6: 10802.15
A7: 43474 | B7: 491.66 | C7: 1539.56 | D7: 488.96 | E7: 550.73 | F7: 201.85 | G7: 6949.75 | H7: 415.79 | I7: 1233.31 | J7: 10855.15
A8: 43475 | B8: 490.22 | C8: 1540.86 | D8: 487.04 | E8: 553.66 | F8: 201.3 | G8: 6855.79 | H8: 411.94 | I8: 1239.14 | J8: 10821.6
A9: 43476 | B9: 486.04 | C9: 1503.33 | D9: 487.82 | E9: 556.75 | F9: 205.3 | G9: 6789.84 | H9: 411.76 | I9: 1218.67 | J9: 10794.95
A10: 43479 | B10: 485.48 | C10: 1479.42 | D10: 485.46 | E10: 571.74 | F10: 204.57 | G10: 6871.65 | H10: 417.73 | I10: 1186.91 | J10: 10737.6
A11: 43480 | B11: 500.03 | C11: 1523.93 | D11: 490.13 | E11: 591.86 | F11: 206.13 | G11: 6821.98 | H11: 419.21 | I11: 1193.14 | J11: 10886.8
A12: 43481 | B12: 502.79 | C12: 1525.85 | D12: 489.74 | E12: 600.17 | F12: 204.39 | G12: 6780.34 | H12: 420.47 | I12: 1194.25 | J12: 10890.3
A13: 43482 | B13: 502.15 | C13: 1548.87 | D13: 492.54 | E13: 597.36 | F13: 204.32 | G13: 6804.45 | H13: 395.22 | I13: 1197.72 | J13: 10905.2
... A1924: 46302 | B1924: 1207.7 | C1924: 2080.3 | D1924: 702.75 | E1924: 992 | F1924: 265.7 | G1924: 11450 | H1924: 1781 | I1924: 3701.5 | J1924: 22603.05

Sheet returns
A1: Date | B1: Reliance | C1: TCS | D1: HDFC Bank | E1: Infosys | F1: ITC | G1: Maruti Suzuki | H1: Sun Pharma | I1: L&T | J1: Nifty 50 | K1: Portfolio Return | L1: Portfolio Index | M1: Drawdown | N1: 21-day return
A2: =prices!A3 -> 43468 | B2: =prices!B3/prices!B2-1 -> -0.012333327 | C2: =prices!C3/prices!C2-1 -> -0.012139867 | D2: =prices!D3/prices!D2-1 -> -0.0078509539 | E2: =prices!E3/prices!E2-1 -> 0.00016514367 | F2: =prices!F3/prices!F2-1 -> -0.0062038556 | G2: =prices!G3/prices!G2-1 -> -0.008792451 | H2: =prices!H3/prices!H2-1 -> -0.0089765286 | I2: =prices!I3/prices!I2-1 -> -0.021396867 | J2: =prices!J3/prices!J2-1 -> -0.011141997 | K2: =SUMPRODUCT(B2:I2,weights!$B$5:$I$5) -> -0.011002037 | L2: =100*(1+K2) -> 98.899796 | M2: =L2/MAX(L$2:L2)-1 -> 0
A3: =prices!A4 -> 43469 | B3: =prices!B4/prices!B3-1 -> 0.0053960181 | C3: =prices!C4/prices!C3-1 -> -0.012153584 | D3: =prices!D4/prices!D3-1 -> 0.0026855269 | E3: =prices!E4/prices!E3-1 -> -0.012108537 | F3: =prices!F4/prices!F3-1 -> 0.0075323737 | G3: =prices!G4/prices!G3-1 -> 0.0042414102 | H3: =prices!H4/prices!H3-1 -> -0.0052961121 | I3: =prices!I4/prices!I3-1 -> -0.0049787717 | J3: =prices!J4/prices!J3-1 -> 0.0051629225 | K3: =SUMPRODUCT(B3:I3,weights!$B$5:$I$5) -> -0.0015320571 | L3: =L2*(1+K3) -> 98.748276 | M3: =L3/MAX(L$2:L3)-1 -> -0.0015320571
A4: =prices!A5 -> 43472 | B4: =prices!B5/prices!B4-1 -> 0.0055521283 | C4: =prices!C5/prices!C4-1 -> 0.011212549 | D4: =prices!D5/prices!D4-1 -> 0.0015129521 | E4: =prices!E5/prices!E4-1 -> 0.016101176 | F4: =prices!F5/prices!F4-1 -> 0.0024578831 | G4: =prices!G5/prices!G4-1 -> 0.017630192 | H4: =prices!H5/prices!H4-1 -> -0.0068917473 | I4: =prices!I5/prices!I4-1 -> -0.0030605057 | J4: =prices!J5/prices!J4-1 -> 0.0041436142 | K4: =SUMPRODUCT(B4:I4,weights!$B$5:$I$5) -> 0.0051583409 | L4: =L3*(1+K4) -> 99.257653 | M4: =L4/MAX(L$2:L4)-1 -> 0
A5: =prices!A6 -> 43473 | B5: =prices!B6/prices!B5-1 -> -8.1799591e-05 | C5: =prices!C6/prices!C5-1 -> -0.002292556 | D5: =prices!D6/prices!D5-1 -> -0.0083290803 | E5: =prices!E6/prices!E5-1 -> -0.002449099 | F5: =prices!F6/prices!F5-1 -> 0.0092455432 | G5: =prices!G6/prices!G5-1 -> 0.010520797 | H5: =prices!H6/prices!H5-1 -> 0.040034072 | I5: =prices!I6/prices!I5-1 -> -0.0011532433 | J5: =prices!J6/prices!J5-1 -> 0.0028175421 | K5: =SUMPRODUCT(B5:I5,weights!$B$5:$I$5) -> 0.0075907323 | L5: =L4*(1+K5) -> 100.01109 | M5: =L5/MAX(L$2:L5)-1 -> 0
A6: =prices!A7 -> 43474 | B6: =prices!B7/prices!B6-1 -> 0.0055219241 | C6: =prices!C7/prices!C6-1 -> -0.0034823359 | D6: =prices!D7/prices!D6-1 -> 0.0065668938 | E6: =prices!E7/prices!E6-1 -> 0.0090326127 | F6: =prices!F7/prices!F6-1 -> 0.021611499 | G6: =prices!G7/prices!G6-1 -> 0.007178032 | H6: =prices!H7/prices!H6-1 -> 0.0015657369 | I6: =prices!I7/prices!I6-1 -> 0.0027807365 | J6: =prices!J7/prices!J6-1 -> 0.0049064307 | K6: =SUMPRODUCT(B6:I6,weights!$B$5:$I$5) -> 0.0056372894 | L6: =L5*(1+K6) -> 100.57488 | M6: =L6/MAX(L$2:L6)-1 -> 0
A7: =prices!A8 -> 43475 | B7: =prices!B8/prices!B7-1 -> -0.0029288533 | C7: =prices!C8/prices!C7-1 -> 0.0008443971 | D7: =prices!D8/prices!D7-1 -> -0.0039267016 | E7: =prices!E8/prices!E7-1 -> 0.0053202114 | F7: =prices!F8/prices!F7-1 -> -0.0027247956 | G7: =prices!G8/prices!G7-1 -> -0.013519911 | H7: =prices!H8/prices!H7-1 -> -0.009259482 | I7: =prices!I8/prices!I7-1 -> 0.0047271165 | J7: =prices!J8/prices!J7-1 -> -0.0030906989 | K7: =SUMPRODUCT(B7:I7,weights!$B$5:$I$5) -> -0.0034609102 | L7: =L6*(1+K7) -> 100.2268 | M7: =L7/MAX(L$2:L7)-1 -> -0.0034609102
A8: =prices!A9 -> 43476 | B8: =prices!B9/prices!B8-1 -> -0.0085267839 | C8: =prices!C9/prices!C8-1 -> -0.024356528 | D8: =prices!D9/prices!D8-1 -> 0.0016015112 | E8: =prices!E9/prices!E8-1 -> 0.0055810425 | F8: =prices!F9/prices!F8-1 -> 0.01987084 | G8: =prices!G9/prices!G8-1 -> -0.0096196062 | H8: =prices!H9/prices!H8-1 -> -0.00043695684 | I8: =prices!I9/prices!I8-1 -> -0.016519522 | J8: =prices!J9/prices!J8-1 -> -0.0024626673 | K8: =SUMPRODUCT(B8:I8,weights!$B$5:$I$5) -> -0.0061598236 | L8: =L7*(1+K8) -> 99.609423 | M8: =L8/MAX(L$2:L8)-1 -> -0.0095994152
A9: =prices!A10 -> 43479 | B9: =prices!B10/prices!B9-1 -> -0.0011521685 | C9: =prices!C10/prices!C9-1 -> -0.015904692 | D9: =prices!D10/prices!D9-1 -> -0.00483785 | E9: =prices!E10/prices!E9-1 -> 0.026924113 | F9: =prices!F10/prices!F9-1 -> -0.003555772 | G9: =prices!G10/prices!G9-1 -> 0.012048885 | H9: =prices!H10/prices!H9-1 -> 0.014498737 | I9: =prices!I10/prices!I9-1 -> -0.026061198 | J9: =prices!J10/prices!J9-1 -> -0.0053126694 | K9: =SUMPRODUCT(B9:I9,weights!$B$5:$I$5) -> -0.000522654 | L9: =L8*(1+K9) -> 99.557362 | M9: =L9/MAX(L$2:L9)-1 -> -0.010117052
A10: =prices!A11 -> 43480 | B10: =prices!B11/prices!B10-1 -> 0.029970339 | C10: =prices!C11/prices!C10-1 -> 0.030086115 | D10: =prices!D11/prices!D10-1 -> 0.0096197421 | E10: =prices!E11/prices!E10-1 -> 0.035190821 | F10: =prices!F11/prices!F10-1 -> 0.0076257516 | G10: =prices!G11/prices!G10-1 -> -0.0072282494 | H10: =prices!H11/prices!H10-1 -> 0.0035429584 | I10: =prices!I11/prices!I10-1 -> 0.0052489237 | J10: =prices!J11/prices!J10-1 -> 0.013895098 | K10: =SUMPRODUCT(B10:I10,weights!$B$5:$I$5) -> 0.010954985 | L10: =L9*(1+K10) -> 100.64801 | M10: =L10/MAX(L$2:L10)-1 -> 0
A11: =prices!A12 -> 43481 | B11: =prices!B12/prices!B11-1 -> 0.0055196688 | C11: =prices!C12/prices!C11-1 -> 0.0012599004 | D11: =prices!D12/prices!D11-1 -> -0.00079570726 | E11: =prices!E12/prices!E11-1 -> 0.014040483 | F11: =prices!F12/prices!F11-1 -> -0.0084412749 | G11: =prices!G12/prices!G11-1 -> -0.0061037998 | H11: =prices!H12/prices!H11-1 -> 0.0030056535 | I11: =prices!I12/prices!I11-1 -> 0.00093031832 | J11: =prices!J12/prices!J11-1 -> 0.00032149025 | K11: =SUMPRODUCT(B11:I11,weights!$B$5:$I$5) -> 0.0006884629 | L11: =L10*(1+K11) -> 100.7173 | M11: =L11/MAX(L$2:L11)-1 -> 0
A12: =prices!A13 -> 43482 | B12: =prices!B13/prices!B12-1 -> -0.0012728972 | C12: =prices!C13/prices!C12-1 -> 0.015086673 | D12: =prices!D13/prices!D12-1 -> 0.0057173194 | E12: =prices!E13/prices!E12-1 -> -0.0046820068 | F12: =prices!F13/prices!F12-1 -> -0.00034248251 | G12: =prices!G13/prices!G12-1 -> 0.0035558689 | H12: =prices!H13/prices!H12-1 -> -0.060051847 | I12: =prices!I13/prices!I12-1 -> 0.0029055893 | J12: =prices!J13/prices!J12-1 -> 0.00136819 | K12: =SUMPRODUCT(B12:I12,weights!$B$5:$I$5) -> -0.0066321218 | L12: =L11*(1+K12) -> 100.04933 | M12: =L12/MAX(L$2:L12)-1 -> -0.0066321218
A13: =prices!A14 -> 43483 | B13: =prices!B14/prices!B13-1 -> 0.043990839 | C13: =prices!C14/prices!C13-1 -> 0.00335083 | D13: =prices!D14/prices!D13-1 -> -0.00097454014 | E13: =prices!E14/prices!E13-1 -> -0.0032643632 | F13: =prices!F14/prices!F13-1 -> -0.0085160532 | G13: =prices!G14/prices!G13-1 -> 0.0029583581 | H13: =prices!H14/prices!H13-1 -> -0.083927939 | I13: =prices!I14/prices!I13-1 -> -0.020914738 | J13: =prices!J14/prices!J13-1 -> 0.0001604739 | K13: =SUMPRODUCT(B13:I13,weights!$B$5:$I$5) -> -0.011371452 | L13: =L12*(1+K13) -> 98.911628 | M13: =L13/MAX(L$2:L13)-1 -> -0.017928157
A14: =prices!A15 -> 43486 | B14: =prices!B15/prices!B14-1 -> 0.045036624 | C14: =prices!C15/prices!C14-1 -> 0.0042340708 | D14: =prices!D15/prices!D14-1 -> 0.0084136081 | E14: =prices!E15/prices!E14-1 -> 0.019213651 | F14: =prices!F15/prices!F14-1 -> -0.005281864 | G14: =prices!G15/prices!G14-1 -> -0.02032506 | H14: =prices!H15/prices!H14-1 -> 0.019306726 | I14: =prices!I15/prices!I14-1 -> -0.0025412094 | J14: =prices!J15/prices!J14-1 -> 0.0050334878 | K14: =SUMPRODUCT(B14:I14,weights!$B$5:$I$5) -> 0.0063774346 | L14: =L13*(1+K14) -> 99.542431 | M14: =L14/MAX(L$2:L14)-1 -> -0.011665058
... A21: =prices!A22 -> 43495 | B21: =prices!B22/prices!B21-1 -> -0.012353512 | C21: =prices!C22/prices!C21-1 -> -0.00068468224 | D21: =prices!D22/prices!D21-1 -> -0.011130281 | E21: =prices!E22/prices!E21-1 -> -0.0027508471 | F21: =prices!F22/prices!F21-1 -> -0.010591578 | G21: =prices!G22/prices!G21-1 -> 0.0032624029 | H21: =prices!H22/prices!H21-1 -> -0.010527123 | I21: =prices!I22/prices!I21-1 -> 0.012838438 | J21: =prices!J22/prices!J21-1 -> -3.7550928e-05 | K21: =SUMPRODUCT(B21:I21,weights!$B$5:$I$5) -> -0.0020034559 | L21: =L20*(1+K21) -> 97.14239 | M21: =L21/MAX(L$2:L21)-1 -> -0.035494536
A22: =prices!A23 -> 43496 | B22: =prices!B23/prices!B22-1 -> 0.026300873 | C22: =prices!C23/prices!C22-1 -> 0.016505358 | D22: =prices!D23/prices!D22-1 -> 0.022234516 | E22: =prices!E23/prices!E22-1 -> 0.03257981 | F22: =prices!F23/prices!F22-1 -> 0.011436031 | G22: =prices!G23/prices!G22-1 -> 0.014187702 | H22: =prices!H23/prices!H22-1 -> 0.013169787 | I22: =prices!I23/prices!I22-1 -> 0.01533239 | J22: =prices!J23/prices!J22-1 -> 0.016818754 | K22: =SUMPRODUCT(B22:I22,weights!$B$5:$I$5) -> 0.017932124 | L22: =L21*(1+K22) -> 98.884359 | M22: =L22/MAX(L$2:L22)-1 -> -0.018198905 | N22: =L22/L2-1 -> -0.00015608931
A23: =prices!A24 -> 43497 | B23: =prices!B24/prices!B23-1 -> 0.018575794 | C23: =prices!C24/prices!C23-1 -> 0.0078697125 | D23: =prices!D24/prices!D23-1 -> 0.0050578636 | E23: =prices!E24/prices!E23-1 -> 0.010017755 | F23: =prices!F24/prices!F23-1 -> 0.0078992204 | G23: =prices!G24/prices!G23-1 -> 0.048357561 | H23: =prices!H24/prices!H23-1 -> -0.0004842615 | I23: =prices!I24/prices!I23-1 -> 0.0078326079 | J23: =prices!J24/prices!J23-1 -> 0.0057889659 | K23: =SUMPRODUCT(B23:I23,weights!$B$5:$I$5) -> 0.015810606 | L23: =L22*(1+K23) -> 100.44778 | M23: =L23/MAX(L$2:L23)-1 -> -0.0026760345 | N23: =L23/L3-1 -> 0.017210473
A24: =prices!A25 -> 43500 | B24: =prices!B25/prices!B24-1 -> 0.032768811 | C24: =prices!C25/prices!C24-1 -> 0.010001325 | D24: =prices!D25/prices!D24-1 -> 0.0069169756 | E24: =prices!E25/prices!E24-1 -> -0.0015321098 | F24: =prices!F25/prices!F24-1 -> -0.013369532 | G24: =prices!G25/prices!G24-1 -> 0.0037196424 | H24: =prices!H25/prices!H24-1 -> -0.01996634 | I24: =prices!I25/prices!I24-1 -> -0.012981173 | J24: =prices!J25/prices!J24-1 -> 0.0017074167 | K24: =SUMPRODUCT(B24:I24,weights!$B$5:$I$5) -> -0.00053015595 | L24: =L23*(1+K24) -> 100.39453 | M24: =L24/MAX(L$2:L24)-1 -> -0.0032047718 | N24: =L24/L4-1 -> 0.01145377
A25: =prices!A26 -> 43501 | B25: =prices!B26/prices!B25-1 -> 0.00050752538 | C25: =prices!C26/prices!C25-1 -> -0.0027797993 | D25: =prices!D26/prices!D25-1 -> 0.0043396886 | E25: =prices!E26/prices!E25-1 -> -0.0013890908 | F25: =prices!F26/prices!F25-1 -> -0.010643269 | G25: =prices!G26/prices!G25-1 -> 0.015082626 | H25: =prices!H26/prices!H25-1 -> -0.011812765 | I25: =prices!I26/prices!I25-1 -> -0.0021404073 | J25: =prices!J26/prices!J25-1 -> 0.0020252469 | K25: =SUMPRODUCT(B25:I25,weights!$B$5:$I$5) -> -0.00013604982 | L25: =L24*(1+K25) -> 100.38087 | M25: =L25/MAX(L$2:L25)-1 -> -0.0033403856 | N25: =L25/L5-1 -> 0.0036973635
A26: =prices!A27 -> 43502 | B26: =prices!B27/prices!B26-1 -> 0.014483374 | C26: =prices!C27/prices!C26-1 -> 0.014793147 | D26: =prices!D27/prices!D26-1 -> 0.0040751966 | E26: =prices!E27/prices!E26-1 -> 0.011192883 | F26: =prices!F27/prices!F26-1 -> 0.012961797 | G26: =prices!G27/prices!G26-1 -> 0.012659228 | H26: =prices!H27/prices!H26-1 -> 0.016351141 | I26: =prices!I27/prices!I26-1 -> 0.0075118018 | J26: =prices!J27/prices!J26-1 -> 0.011715374 | K26: =SUMPRODUCT(B26:I26,weights!$B$5:$I$5) -> 0.011884377 | L26: =L25*(1+K26) -> 101.57383 | M26: =L26/MAX(L$2:L26)-1 -> 0 | N26: =L26/L6-1 -> 0.0099324003
A27: =prices!A28 -> 43503 | B27: =prices!B28/prices!B27-1 -> -0.015155956 | C27: =prices!C28/prices!C27-1 -> 0.0039022665 | D27: =prices!D28/prices!D27-1 -> -0.0025494075 | E27: =prices!E28/prices!E27-1 -> 0.00092774765 | F27: =prices!F28/prices!F27-1 -> 0.0093249754 | G27: =prices!G28/prices!G27-1 -> 0.01658792 | H27: =prices!H28/prices!H27-1 -> 0.043911917 | I27: =prices!I28/prices!I27-1 -> -0.013962516 | J27: =prices!J28/prices!J27-1 -> 0.00062825143 | K27: =SUMPRODUCT(B27:I27,weights!$B$5:$I$5) -> 0.0061792768 | L27: =L26*(1+K27) -> 102.20149 | M27: =L27/MAX(L$2:L27)-1 -> 0 | N27: =L27/L7-1 -> 0.01970215
A28: =prices!A29 -> 43504 | B28: =prices!B29/prices!B28-1 -> -0.0098392801 | C28: =prices!C29/prices!C28-1 -> -0.010322535 | D28: =prices!D29/prices!D28-1 -> 0.0025559236 | E28: =prices!E29/prices!E28-1 -> -0.004059129 | F28: =prices!F29/prices!F28-1 -> -0.017091824 | G28: =prices!G29/prices!G28-1 -> -0.023046714 | H28: =prices!H29/prices!H28-1 -> -0.008834843 | I28: =prices!I29/prices!I28-1 -> -0.026464799 | J28: =prices!J29/prices!J28-1 -> -0.011364663 | K28: =SUMPRODUCT(B28:I28,weights!$B$5:$I$5) -> -0.014767449 | L28: =L27*(1+K28) -> 100.69223 | M28: =L28/MAX(L$2:L28)-1 -> -0.014767449 | N28: =L28/L8-1 -> 0.010870534
A29: =prices!A30 -> 43507 | B29: =prices!B30/prices!B29-1 -> -0.01913148 | C29: =prices!C30/prices!C29-1 -> 0.0021833413 | D29: =prices!D30/prices!D29-1 -> 0.007994942 | E29: =prices!E30/prices!E29-1 -> 0.0025031691 | F29: =prices!F30/prices!F29-1 -> 0.0057963446 | G29: =prices!G30/prices!G29-1 -> 0.0061174835 | H29: =prices!H30/prices!H29-1 -> -0.0058088585 | I29: =prices!I30/prices!I29-1 -> -0.012086826 | J29: =prices!J30/prices!J29-1 -> -0.005007493 | K29: =SUMPRODUCT(B29:I29,weights!$B$5:$I$5) -> -0.0030203195 | L29: =L28*(1+K29) -> 100.38811 | M29: =L29/MAX(L$2:L29)-1 -> -0.017743166 | N29: =L29/L9-1 -> 0.0083443974
A30: =prices!A31 -> 43508 | B30: =prices!B31/prices!B30-1 -> 0.0025056783 | C30: =prices!C31/prices!C30-1 -> -0.0069205586 | D30: =prices!D31/prices!D30-1 -> -0.0046334702 | E30: =prices!E31/prices!E30-1 -> -0.016197961 | F30: =prices!F31/prices!F30-1 -> -0.006489798 | G30: =prices!G31/prices!G30-1 -> -0.0021449235 | H30: =prices!H31/prices!H30-1 -> 0.018787619 | I30: =prices!I31/prices!I30-1 -> 0.00027949583 | J30: =prices!J31/prices!J30-1 -> -0.0052714716 | K30: =SUMPRODUCT(B30:I30,weights!$B$5:$I$5) -> -7.6819394e-05 | L30: =L29*(1+K30) -> 100.3804 | M30: =L30/MAX(L$2:L30)-1 -> -0.017818623 | N30: =L30/L10-1 -> -0.0026589198
A31: =prices!A32 -> 43510 | B31: =prices!B32/prices!B31-1 -> -0.025623505 | C31: =prices!C32/prices!C31-1 -> -0.0034098767 | D31: =prices!D32/prices!D31-1 -> -0.0091677847 | E31: =prices!E32/prices!E31-1 -> -0.013861547 | F31: =prices!F32/prices!F31-1 -> 0.009458612 | G31: =prices!G32/prices!G31-1 -> -0.020244457 | H31: =prices!H32/prices!H31-1 -> 0.0098385781 | I31: =prices!I32/prices!I31-1 -> -0.015440083 | J31: =prices!J32/prices!J31-1 -> -0.0078798678 | K31: =SUMPRODUCT(B31:I31,weights!$B$5:$I$5) -> -0.010119288 | L31: =L30*(1+K31) -> 99.364618 | M31: =L31/MAX(L$2:L31)-1 -> -0.027757599 | N31: =L31/L11-1 -> -0.013430518
A32: =prices!A33 -> 43511 | B32: =prices!B33/prices!B32-1 -> 0.016535026 | C32: =prices!C33/prices!C32-1 -> -0.0072857348 | D32: =prices!D33/prices!D32-1 -> -0.0045134686 | E32: =prices!E33/prices!E32-1 -> 0.0025737053 | F32: =prices!F33/prices!F32-1 -> 0.0079204845 | G32: =prices!G33/prices!G32-1 -> -0.012461571 | H32: =prices!H33/prices!H32-1 -> -0.040806835 | I32: =prices!I33/prices!I32-1 -> 0.012624506 | J32: =prices!J33/prices!J32-1 -> -0.0020146938 | K32: =SUMPRODUCT(B32:I32,weights!$B$5:$I$5) -> -0.0040802787 | L32: =L31*(1+K32) -> 98.959183 | M32: =L32/MAX(L$2:L32)-1 -> -0.031724619 | N32: =L32/L12-1 -> -0.010896139
A33: =prices!A34 -> 43514 | B33: =prices!B34/prices!B33-1 -> -0.019570111 | C33: =prices!C34/prices!C33-1 -> -0.029266441 | D33: =prices!D34/prices!D33-1 -> -0.0051315871 | E33: =prices!E34/prices!E33-1 -> -0.0012177261 | F33: =prices!F34/prices!F33-1 -> -0.019311762 | G33: =prices!G34/prices!G33-1 -> -0.01260482 | H33: =prices!H34/prices!H33-1 -> -0.019523275 | I33: =prices!I34/prices!I33-1 -> 0.0011300865 | J33: =prices!J34/prices!J33-1 -> -0.0077813211 | K33: =SUMPRODUCT(B33:I33,weights!$B$5:$I$5) -> -0.012331853 | L33: =L32*(1+K33) -> 97.738833 | M33: =L33/MAX(L$2:L33)-1 -> -0.043665249 | N33: =L33/L13-1 -> -0.011857002
... A1923: =prices!A1924 -> 46302 | B1923: =prices!B1924/prices!B1923-1 -> -0.008456486 | C1923: =prices!C1924/prices!C1923-1 -> -0.0093809524 | D1923: =prices!D1924/prices!D1923-1 -> -0.012228547 | E1923: =prices!E1924/prices!E1923-1 -> -0.021551512 | F1923: =prices!F1924/prices!F1923-1 -> -0.0037495313 | G1923: =prices!G1924/prices!G1923-1 -> -0.015053763 | H1923: =prices!H1924/prices!H1923-1 -> -0.012804168 | I1923: =prices!I1924/prices!I1923-1 -> -0.018169761 | J1923: =prices!J1924/prices!J1923-1 -> -0.0075978767 | K1923: =SUMPRODUCT(B1923:I1923,weights!$B$5:$I$5) -> -0.01338606 | L1923: =L1922*(1+K1923) -> 255.19945 | M1923: =L1923/MAX(L$2:L1923)-1 -> -0.21214303 | N1923: =L1923/L1903-1 -> -0.047597739

Sheet risk
A1: Metric
A2: Portfolio value (Rs) | B2: =weights!J4 -> 478445.5
A3: Daily volatility | B3: =_xlfn.STDEV.S(returns!K2:K1923) -> 0.010889396
A4: Annualized volatility | B4: =B3*SQRT(252) -> 0.17286381
A5: Historical VaR 95%, 1 day (%) | B5: =_xlfn.PERCENTILE.INC(returns!K2:K1923,0.05) -> -0.014750958
A6: Historical VaR 95%, 1 day (Rs) | B6: =-B5*B2 -> 7057.5293
A7: Historical VaR 99%, 1 day (%) | B7: =_xlfn.PERCENTILE.INC(returns!K2:K1923,0.01) -> -0.029146186
A8: Historical VaR 99%, 1 day (Rs) | B8: =-B7*B2 -> 13944.861
A9: Parametric VaR 95%, 1 day (%) | B9: =_xlfn.NORM.INV(0.05,AVERAGE(returns!K2:K1923),B3) -> -0.017364159
A10: Expected shortfall (CVaR) 95% (%) | B10: =AVERAGEIF(returns!K2:K1923,"<="&B5) -> -0.024927099
A11: Expected shortfall (CVaR) 95% (Rs) | B11: =-B10*B2 -> 11926.258
A12: 10-day VaR 95% (Rs) | B12: =B6*SQRT(10) -> 22317.867
A13: Backtest: share of days worse than VaR | B13: =COUNTIF(returns!K2:K1923,"<"&B5)/COUNT(returns!K2:K1923) -> 0.050468262
A14: Maximum drawdown | B14: =MIN(returns!M2:M1923) -> -0.37843782
A15: Worst 1-month return | B15: =MIN(returns!N22:N1923) -> -0.33863727

Sheet stress
A1: Scenario | B1: Start | C1: End | D1: Portfolio Return | E1: Loss | F1: Nifty Return
A2: COVID crash | B2: 43881 | C2: 43913 | D2: =INDEX(returns!$L$2:$L$1900,MATCH(C2,returns!$A$2:$A$1900,1))/INDEX(returns!$L$2:$L$1900,MATCH(B2,returns!$A$2:$A$1900,1))-1 -> -0.33863727 | E2: =D2*risk!$B$2 -> -162019.48 | F2: =INDEX(prices!$J$2:$J$1900,MATCH(C2,prices!$A$2:$A$1900,1))/INDEX(prices!$J$2:$J$1900,MATCH(B2,prices!$A$2:$A$1900,1))-1 -> -0.37005674
A3: 2022 rate-hike sell-off | B3: 44488 | C3: 44729 | D3: =INDEX(returns!$L$2:$L$1900,MATCH(C3,returns!$A$2:$A$1900,1))/INDEX(returns!$L$2:$L$1900,MATCH(B3,returns!$A$2:$A$1900,1))-1 -> -0.081117991 | E3: =D3*risk!$B$2 -> -38810.538 | F3: =INDEX(prices!$J$2:$J$1900,MATCH(C3,prices!$A$2:$A$1900,1))/INDEX(prices!$J$2:$J$1900,MATCH(B3,prices!$A$2:$A$1900,1))-1 -> -0.16967764
A4: 2024-25 correction | B4: 45561 | C4: 45719 | D4: =INDEX(returns!$L$2:$L$1900,MATCH(C4,returns!$A$2:$A$1900,1))/INDEX(returns!$L$2:$L$1900,MATCH(B4,returns!$A$2:$A$1900,1))-1 -> -0.14240613 | E4: =D4*risk!$B$2 -> -68133.573 | F4: =INDEX(prices!$J$2:$J$1900,MATCH(C4,prices!$A$2:$A$1900,1))/INDEX(prices!$J$2:$J$1900,MATCH(B4,prices!$A$2:$A$1900,1))-1 -> -0.15626877
A6: Hypothetical Shocks
A7: Scenario | B7: Portfolio Impact | C7: Loss
A8: Market falls 10% | B8: =weights!J6*-0.1 -> -0.091766885 | C8: =B8*risk!$B$2 -> -43905.453
A9: IT sector -15% | B9: =SUMPRODUCT(weights!B5:I5,weights!B9:I9) -> -0.025881945 | C9: =B9*risk!$B$2 -> -12383.1
A10: Banking Sector -25% | B10: =SUMPRODUCT(weights!B5:I5,weights!B10:I10) -> -0.01858754 | C10: =B10*risk!$B$2 -> -8893.125

Sheet weights
A1: Metric | B1: Reliance | C1: TCS | D1: HDFC Bank | E1: Infosys | F1: ITC | G1: Maruti Suzuki | H1: Sun Pharma | I1: L&T
A2: Quantity | B2: 50 | C2: 20 | D2: 50 | E2: 40 | F2: 150 | G2: 8 | H2: 40 | I2: 25
A3: Latest Price | B3: {=INDEX(prices!B$2:B$1923,COUNT(prices!$A$2:$A$1923))} -> 1218 | C3: {=INDEX(prices!C$2:C$1923,COUNT(prices!$A$2:$A$1923))} -> 2100 | D3: {=INDEX(prices!D$2:D$1923,COUNT(prices!$A$2:$A$1923))} -> 711.45 | E3: {=INDEX(prices!E$2:E$1923,COUNT(prices!$A$2:$A$1923))} -> 1013.85 | F3: {=INDEX(prices!F$2:F$1923,COUNT(prices!$A$2:$A$1923))} -> 266.7 | G3: {=INDEX(prices!G$2:G$1923,COUNT(prices!$A$2:$A$1923))} -> 11625 | H3: {=INDEX(prices!H$2:H$1923,COUNT(prices!$A$2:$A$1923))} -> 1804.1 | I3: {=INDEX(prices!I$2:I$1923,COUNT(prices!$A$2:$A$1923))} -> 3770
A4: Value | B4: =B2*B3 -> 60900 | C4: =C2*C3 -> 42000 | D4: =D2*D3 -> 35572.5 | E4: =E2*E3 -> 40554 | F4: =F2*F3 -> 40005 | G4: =G2*G3 -> 93000 | H4: =H2*H3 -> 72164 | I4: =I2*I3 -> 94250 | J4: =SUM(B4:I4) -> 478445.5
A5: Weight | B5: =B4/$J$4 -> 0.12728722 | C5: =C4/$J$4 -> 0.087784293 | D5: =D4/$J$4 -> 0.074350161 | E5: =E4/$J$4 -> 0.084762005 | F5: =F4/$J$4 -> 0.083614539 | G5: =G4/$J$4 -> 0.19437951 | H5: =H4/$J$4 -> 0.15083014 | I5: =I4/$J$4 -> 0.19699213 | J5: =SUM(B5:I5) -> 1
A6: Beta vs Nifty | B6: =SLOPE(returns!B$2:B$1923,returns!$J$2:$J$1923) -> 1.0900413 | C6: =SLOPE(returns!C$2:C$1923,returns!$J$2:$J$1923) -> 0.725419 | D6: =SLOPE(returns!D$2:D$1923,returns!$J$2:$J$1923) -> 1.0814266 | E6: =SLOPE(returns!E$2:E$1923,returns!$J$2:$J$1923) -> 0.84960635 | F6: =SLOPE(returns!F$2:F$1923,returns!$J$2:$J$1923) -> 0.67713843 | G6: =SLOPE(returns!G$2:G$1923,returns!$J$2:$J$1923) -> 1.014936 | H6: =SLOPE(returns!H$2:H$1923,returns!$J$2:$J$1923) -> 0.60965474 | I6: =SLOPE(returns!I$2:I$1923,returns!$J$2:$J$1923) -> 1.1013935 | J6: =SUMPRODUCT(B5:I5,B6:I6) -> 0.91766885
A7: Risk contribution | B7: =B5*_xlfn.COVARIANCE.S(returns!B$2:B$1923,returns!$K$2:$K$1923)/_xlfn.VAR.S(returns!$K$2:$K$1923) -> 0.13675983 | C7: =C5*_xlfn.COVARIANCE.S(returns!C$2:C$1923,returns!$K$2:$K$1923)/_xlfn.VAR.S(returns!$K$2:$K$1923) -> 0.068343539 | D7: =D5*_xlfn.COVARIANCE.S(returns!D$2:D$1923,returns!$K$2:$K$1923)/_xlfn.VAR.S(returns!$K$2:$K$1923) -> 0.067074955 | E7: =E5*_xlfn.COVARIANCE.S(returns!E$2:E$1923,returns!$K$2:$K$1923)/_xlfn.VAR.S(returns!$K$2:$K$1923) -> 0.073853256 | F7: =F5*_xlfn.COVARIANCE.S(returns!F$2:F$1923,returns!$K$2:$K$1923)/_xlfn.VAR.S(returns!$K$2:$K$1923) -> 0.057450531 | G7: =G5*_xlfn.COVARIANCE.S(returns!G$2:G$1923,returns!$K$2:$K$1923)/_xlfn.VAR.S(returns!$K$2:$K$1923) -> 0.23589209 | H7: =H5*_xlfn.COVARIANCE.S(returns!H$2:H$1923,returns!$K$2:$K$1923)/_xlfn.VAR.S(returns!$K$2:$K$1923) -> 0.1241657 | I7: =I5*_xlfn.COVARIANCE.S(returns!I$2:I$1923,returns!$K$2:$K$1923)/_xlfn.VAR.S(returns!$K$2:$K$1923) -> 0.2364601 | J7: =SUM(B7:I7) -> 1
A9: IT sector -15% | B9: 0 | C9: -0.15 | D9: 0 | E9: -0.15 | F9: 0 | G9: 0 | H9: 0 | I9: 0
A10: Banking -25% | B10: 0 | C10: 0 | D10: -0.25 | E10: 0 | F10: 0 | G10: 0 | H10: 0 | I10: 0
L20: 0

Sheet pbi_returns
A1: Date | B1: Portfolio Return | C1: Portfolio Index | D1: Drawdown
A2: 43468 | B2: -0.011002037 | C2: 98.899796 | D2: 0
A3: 43469 | B3: -0.0015320571 | C3: 98.748276 | D3: -0.0015320571
A4: 43472 | B4: 0.0051583409 | C4: 99.257653 | D4: 0
A5: 43473 | B5: 0.0075907323 | C5: 100.01109 | D5: 0
A6: 43474 | B6: 0.0056372894 | C6: 100.57488 | D6: 0
A7: 43475 | B7: -0.0034609102 | C7: 100.2268 | D7: -0.0034609102
A8: 43476 | B8: -0.0061598236 | C8: 99.609423 | D8: -0.0095994152
A9: 43479 | B9: -0.000522654 | C9: 99.557362 | D9: -0.010117052
A10: 43480 | B10: 0.010954985 | C10: 100.64801 | D10: 0
A11: 43481 | B11: 0.0006884629 | C11: 100.7173 | D11: 0
A12: 43482 | B12: -0.0066321218 | C12: 100.04933 | D12: -0.0066321218
A13: 43483 | B13: -0.011371452 | C13: 98.911628 | D13: -0.017928157
... A1923: 46302 | B1923: -0.01338606 | C1923: 255.19945 | D1923: -0.21214303

Sheet pbi_stocks
A1: Stock | B1: Weight | C1: Risk Contribution | D1: Beta
A2: Reliance | B2: 0.13 | C2: 0.14 | D2: =SLOPE(returns!B$2:B$1923,returns!$J$2:$J$1923) -> 1.0900413
A3: TCS | B3: 0.09 | C3: 0.07 | D3: =SLOPE(returns!C$2:C$1923,returns!$J$2:$J$1923) -> 0.725419
A4: HDFC Bank | B4: 0.07 | C4: 0.07 | D4: =SLOPE(returns!D$2:D$1923,returns!$J$2:$J$1923) -> 1.0814266
A5: Infosys | B5: 0.08 | C5: 0.07 | D5: =SLOPE(returns!E$2:E$1923,returns!$J$2:$J$1923) -> 0.84960635
A6: ITC | B6: 0.08 | C6: 0.06 | D6: =SLOPE(returns!F$2:F$1923,returns!$J$2:$J$1923) -> 0.67713843
A7: Maruti Suzuki | B7: 0.19 | C7: 0.24 | D7: =SLOPE(returns!G$2:G$1923,returns!$J$2:$J$1923) -> 1.014936
A8: Sun Pharma | B8: 0.15 | C8: 0.12 | D8: =SLOPE(returns!H$2:H$1923,returns!$J$2:$J$1923) -> 0.60965474
A9: L&T | B9: 0.2 | C9: 0.24 | D9: =SLOPE(returns!I$2:I$1923,returns!$J$2:$J$1923) -> 1.1013935
